{"Train Loss": 38.283897399902344, "_timestamp": 1719313545.6348498, "_runtime": 1905.75168967247, "_step": 69, "_wandb": {"runtime": 1905}}