{"Train Loss": 11.04052448272705, "_timestamp": 1719261134.2022254, "_runtime": 97.57364153862, "_step": 9, "_wandb": {"runtime": 96}}