{"Train Loss": 5.777430534362793, "_timestamp": 1719300614.9978998, "_runtime": 1856.009821653366, "_step": 249, "_wandb": {"runtime": 1855}}