{"Train Loss": 14.229421615600586, "_timestamp": 1719311045.1722803, "_runtime": 768.1896133422852, "_step": 52, "_wandb": {"runtime": 772}}