{"Train Loss": 11.234167098999023, "_timestamp": 1719260947.7896738, "_runtime": 98.40614175796509, "_step": 9, "_wandb": {"runtime": 97}}