{"Train Loss": 11.230224609375, "_timestamp": 1719261908.4177098, "_runtime": 227.62417078018188, "_step": 23, "_wandb": {"runtime": 231}}