{"Train Loss": 11.566218376159668, "_timestamp": 1719298497.9267054, "_runtime": 187.65731739997864, "_step": 23, "_wandb": {"runtime": 190}}