{"Train Loss": 50.4223518371582, "_timestamp": 1719311477.8159213, "_runtime": 122.84969139099121, "_step": 14, "_wandb": {"runtime": 124}}