{"Train Loss": 34.51201248168945, "_timestamp": 1719334112.014577, "_runtime": 738.4277458190918, "_step": 95, "_wandb": {"runtime": 741}}