{"Train Loss": 2.237145185470581, "_timestamp": 1719310239.2566066, "_runtime": 242.22767567634583, "_step": 15, "_wandb": {"runtime": 247}}