{"Train Loss": 51.485050201416016, "_timestamp": 1719333299.0522845, "_runtime": 36.6694495677948, "_step": 0, "_wandb": {"runtime": 60}}