{"Train Loss": 10.994704246520996, "_timestamp": 1719261464.6038926, "_runtime": 226.8494474887848, "_step": 23, "_wandb": {"runtime": 230}}